日付,発車時刻,到着時刻,会社,路線名,種別,列車名,列車番号,乗車駅,降車駅,乗車駅番号,降車駅番号,号車,前から両目,両数,編成番号（全）,編成番号（乗）,車両番号,距離（km）,その他詳細
2025/9/19,8:12,8:25,JR西日本,七尾線,普通,,835M,金沢,津幡,,,2,1?,2?4?,,,クモハ,11.5,
2025/9/19,9:03,9:29,IRいしかわ鉄道、あいの風とやま鉄道,IRいしかわ鉄道線、あいの風とやま鉄道線,普通,,433M,津幡,高岡,,,,3,4,,,クモハ521-13,29.1,
2025/9/19,9:45,11:12,あいの風とやま鉄道,あいの風とやま鉄道線,普通,,541M,高岡,泊,,,,,2,,,クモハ,67.9,前2号車ね
2025/9/19,11:42,12:55,あいの風とやま鉄道、えちごトキめき鉄道,あいの風とやま鉄道線、日本海ひすいライン,普通,,1635D,泊,直江津,,,,,1,,,ET122-3?,68.7,縦列駐車　自分1人
2025/9/19,13:33,13:49,えちごトキめき鉄道,妙高はねうまライン,普通,,2328M,直江津,上越妙高,,,,2,2,,,ET126-5,10.4,
2025/9/19,15:01,16:03,JR東日本,北陸新幹線,,はくたか566号,566E,上越妙高,高崎,,,2,2?,12,,,,176.9,19E
2025/9/19,16:28,18:22,JR東日本,両毛線,普通,,459M,高崎,小山,,,6,1,6,,,クモハ211-3047,91.7,
2025/9/19,18:38,20:04,JR東日本,水戸線、常磐線,普通,,765M,小山,水戸,,,2,,5,,,クモハE530-4???,66.7,
2025/9/19,20:39,22:09,JR東日本,常磐線,普通,,567M,水戸,いわき,,,6,4,10,,,サハE500-4,94.1,学生が多くだんだん減少
2025/9/20,7:11,8:30,JR東日本,常磐線,普通,,667M,いわき,原ノ町,,,1,5?,5,,,クハE530-2029,77.5,
2025/9/20,8:53,10:18,JR東日本,常磐線,普通,,237M,原ノ町,仙台,,,,3?,,P-32+F2-506,P-32,クモハE721-32,74.4,
2025/9/20,10:49,12:14,JR東日本,仙石線,普通,,1021S,仙台,石巻,,,,,,,,モハ205-3114,48.5,
2025/9/20,12:23,12:49,JR東日本,石巻線,普通,,1633D,石巻,女川,,,,2,2,,,キハ112-218 ,16.8,
2025/9/20,13:21,14:12,JR東日本,石巻線,普通,,1634D,女川,前谷地,,,,2,2,,,,31.9,
2025/9/20,14:27,16:47,JR東日本,気仙沼線（BRT）,普通,,1949K,前谷地,気仙沼,,,,,,,,,72.8,
2025/9/20,16:53,18:18,JR東日本,大船渡線,普通,,338D,気仙沼,一ノ関,,,,2,2,,,キハ112-107 ,62,
2025/9/20,18:27,19:09,JR東日本,東北本線,普通,,1549M,一ノ関,北上,,,,3?,4?,,,クモハ701-?013,42.4,
2025/9/21,5:37,6:28,JR東日本,東北本線,普通,,2521M,北上,盛岡,,,,1,2,,,クモハ701-1011,47.8,駅のご利用時間 5:20〜24:00 早く行ったら開いてなくて草
2025/9/21,6:41,8:28,IGRいわて銀河鉄道、青い森鉄道,IGRいわて銀河鉄道線、青い森鉄道線,普通,,4521M,盛岡,八戸,,,,2,,,,IGR 7000-102,107.9,滝沢市コラボ？塗装
2025/9/23,18:24,19:07,JR東日本,奥羽本線,普通,,678M,青森,弘前,,,,1,,,,クハ700-4,37.4,
2025/9/23,19:20,22:01,JR東日本,奥羽本線,普通,,1680M,弘前,秋田,,,,,,,,クモハ701-26,148.4,
2025/9/24,9:10,11:06,JR東日本,羽越本線,普通,,536M,秋田,酒田,,,,2,2,,,?,104.8,クモハ701-11@ 8:42 クモハ701-31 快速？のメモ@845 5番線到着ね@8:45  クハ700-27.@852( 奥羽本線かも)  1番線ね　青が来た @859 桂根、折渡、女鹿には止まりません
2025/9/24,12:52,14:53,JR東日本,羽越本線,普通,,826D,酒田,村上,,,,,,,,,107.5,散歩した わからんhttps://x.com/ProjectS31415_1/status/1970693233140441369?s=20
2025/9/24,15:15,15:49,JR東日本,羽越本線,普通,,940M,村上,新発田,,,,2?,,,,クモハE128-7,33.4,
2025/9/24,15:54,16:24,JR東日本,羽越本線,普通,,160D,新発田,新津,,,,2?,,,,キハ110-212,26,
2025/9/24,16:30,17:32,JR東日本,信越本線,普通,,446M,新津,長岡,,,,,6?,,,クモハE128-3,48.1,連結-12とあと1つ？
2025/9/24,17:57,18:19,JR東日本,上越線,普通,,1744M,長岡,越後川口,,,,1,4,,,クモハE128-109,22.8,
2025/9/24,18:25,18:51,JR東日本,飯山線,普通,,194D,越後川口,十日町,,,,1,1,,,キハ110-231,21.4,
2025/9/24,19:03,20:26,JR東日本,飯山線,普通,,170D,十日町,戸狩湯沢温泉,,,,,,,,キハ110-226,47.8,
2025/9/24,20:28,21:29,JR東日本、しなの鉄道,飯山線、北しなの線,普通,,146D,戸狩湯沢温泉,長野,,,,1?,2,,,キハ112-211,38.3,
2025/9/25,7:48,9:06,JR東日本,篠ノ井線,普通,,2230M,長野,松本,,,,1?,2,,,クモハE127-108,62.7,
2025/9/25,9:20,12:05,JR東日本,大糸線,普通,,5329M,松本,南小谷,,,,2?,,,,クモハE127-111,70.1,発車前検札
2025/9/25,12:10,12:53,JR西日本,大糸線,普通,,427D,南小谷,根知,,,,,,,,キハ120-354,25.3,
2025/9/25,(),(),（JR西日本）,（大糸線）,（代行輸送）,（社用車？）,-,根知,糸魚川,,,,,,,,キハ120-354,*10.0,
2025/9/25,16:56,17:29,えちごトキめき鉄道、あいの風とやま鉄道,日本海ひすいライン、あいの風とやま鉄道線,普通,,1646D,糸魚川,泊,,,,1,1,,,ET122-4,29.9,
2025/9/25,17:31,18:19,あいの風とやま鉄道,あいの風とやま鉄道線,普通,,572M,泊,富山,,,,,,,,クモハ521-6,49.1,
2025/9/25,18:43,19:43,あいの風とやま鉄道、IRいしかわ鉄道,あいの風とやま鉄道線、IRいしかわ鉄道線,普通,,448M,富山,金沢,,,,4,4,,,クモハ521-13,59.4,
,,,,,,,,,,,,,,,,,,,
,,,,,,,,,,,,,,,,,,,
,,,,,,,,,,,,,,,,,,,
2026/1/4,9:39,10:49,JR東海,高山本線,普通,,,,,,,,,,,,,52.8,
,11:07,11:55,JR西日本,高山本線,普通,,,,,,,,,,,,,36.6,
,,,,,普通,,,,,,,2,,2,,,,,
